Project Name,Package Name,Type Name,LCOM1,LCOM2,LCOM3,LCOM4,LCOM5,YALCOM
pixel-dungeon,com.watabou.pixeldungeon,Assets,0.0,0.0,0.0,0.0,0.0,-1.0
pixel-dungeon,com.watabou.pixeldungeon,FogOfWar,3.0,0.0,2.0,2.0,0.7777777777777777,0.5
pixel-dungeon,com.watabou.pixeldungeon,FogTexture,1.0,0.0,2.0,2.0,0.0,1.0
pixel-dungeon,com.watabou.pixeldungeon,Dungeon,435.0,0.0,30.0,14.0,0.9338303821062441,0.0
pixel-dungeon,com.watabou.pixeldungeon,DungeonTilemap,36.0,0.0,9.0,7.0,0.75,0.4444444444444444
pixel-dungeon,com.watabou.pixeldungeon,ResultDescriptions,0.0,0.0,0.0,0.0,0.0,-1.0
pixel-dungeon,com.watabou.pixeldungeon,Challenges,0.0,0.0,0.0,0.0,0.0,-1.0
pixel-dungeon,com.watabou.pixeldungeon,Journal,40.0,25.0,6.0,6.0,0.7714285714285715,0.2727272727272727
pixel-dungeon,com.watabou.pixeldungeon,Record,4.0,0.0,2.0,2.0,0.5625,0.4
pixel-dungeon,com.watabou.pixeldungeon,Record,0.0,0.0,1.0,1.0,-0.0,0.0
pixel-dungeon,com.watabou.pixeldungeon,PixelDungeon,435.0,0.0,30.0,21.0,0.9310344827586207,0.6666666666666666
pixel-dungeon,com.watabou.pixeldungeon,GamesInProgress,6.0,6.0,4.0,4.0,0.75,0.0
pixel-dungeon,com.watabou.pixeldungeon,Info,0.0,0.0,3.0,3.0,0.0,-1.0
pixel-dungeon,com.watabou.pixeldungeon,Chrome,0.0,0.0,1.0,1.0,0.0,0.0
pixel-dungeon,com.watabou.pixeldungeon,Statistics,3.0,0.0,3.0,3.0,0.34090909090909083,0.0
pixel-dungeon,com.watabou.pixeldungeon,Bones,1.0,0.0,2.0,2.0,-0.0,0.0
pixel-dungeon,com.watabou.pixeldungeon,Badges,1219.0,1213.0,47.0,8.0,0.8707482993197279,0.06
pixel-dungeon,com.watabou.pixeldungeon.sprites,SkeletonSprite,3.0,0.0,3.0,3.0,0.0,1.0
pixel-dungeon,com.watabou.pixeldungeon.sprites,ShopkeeperSprite,1.0,1.0,2.0,2.0,1.0,1.0
pixel-dungeon,com.watabou.pixeldungeon.sprites,ItemSpriteSheet,0.0,0.0,0.0,0.0,0.0,-1.0
pixel-dungeon,com.watabou.pixeldungeon.sprites,MirrorSprite,3.0,0.0,3.0,1.0,1.0,0.0
pixel-dungeon,com.watabou.pixeldungeon.sprites,ScorpioSprite,9.0,8.0,4.0,4.0,0.75,0.8
pixel-dungeon,com.watabou.pixeldungeon.sprites,DM300Sprite,3.0,0.0,3.0,3.0,0.0,1.0
pixel-dungeon,com.watabou.pixeldungeon.sprites,ImpSprite,3.0,0.0,3.0,3.0,0.0,1.0
pixel-dungeon,com.watabou.pixeldungeon.sprites,KingSprite,0.0,0.0,1.0,1.0,0.0,0.0
pixel-dungeon,com.watabou.pixeldungeon.sprites,AcidicSprite,1.0,0.0,2.0,2.0,0.0,1.0
pixel-dungeon,com.watabou.pixeldungeon.sprites,BurningFistSprite,5.0,4.0,3.0,3.0,0.6666666666666666,0.75
pixel-dungeon,com.watabou.pixeldungeon.sprites,ShieldedSprite,0.0,0.0,1.0,1.0,0.0,0.0
pixel-dungeon,com.watabou.pixeldungeon.sprites,RatKingSprite,0.0,0.0,1.0,1.0,0.0,0.0
pixel-dungeon,com.watabou.pixeldungeon.sprites,SuccubusSprite,1.0,0.0,2.0,2.0,0.0,1.0
pixel-dungeon,com.watabou.pixeldungeon.sprites,FetidRatSprite,0.0,0.0,1.0,1.0,-0.0,0.0
pixel-dungeon,com.watabou.pixeldungeon.sprites,BlacksmithSprite,3.0,0.0,2.0,2.0,0.3333333333333333,0.5
pixel-dungeon,com.watabou.pixeldungeon.sprites,CursePersonificationSprite,0.0,0.0,1.0,1.0,-0.0,0.0
pixel-dungeon,com.watabou.pixeldungeon.sprites,ElementalSprite,6.0,0.0,4.0,4.0,0.0,1.0
pixel-dungeon,com.watabou.pixeldungeon.sprites,WraithSprite,1.0,0.0,2.0,2.0,0.0,1.0
pixel-dungeon,com.watabou.pixeldungeon.sprites,ThiefSprite,0.0,0.0,1.0,1.0,0.0,0.0
pixel-dungeon,com.watabou.pixeldungeon.sprites,EyeSprite,2.0,1.0,2.0,2.0,0.5,0.6666666666666666
pixel-dungeon,com.watabou.pixeldungeon.sprites,StatueSprite,1.0,0.0,2.0,2.0,0.0,1.0
pixel-dungeon,com.watabou.pixeldungeon.sprites,TenguSprite,9.0,8.0,4.0,4.0,0.75,0.8
pixel-dungeon,com.watabou.pixeldungeon.sprites,RatSprite,0.0,0.0,1.0,1.0,0.0,0.0
pixel-dungeon,com.watabou.pixeldungeon.sprites,CharSprite,471.0,381.0,9.0,4.0,0.9636363636363636,0.11764705882352941
pixel-dungeon,com.watabou.pixeldungeon.sprites,JumpTweener,0.0,0.0,1.0,1.0,-0.0,0.0
pixel-dungeon,com.watabou.pixeldungeon.sprites,SwarmSprite,1.0,0.0,2.0,2.0,0.0,1.0
pixel-dungeon,com.watabou.pixeldungeon.sprites,WandmakerSprite,17.0,13.0,4.0,4.0,0.75,0.5714285714285714
pixel-dungeon,com.watabou.pixeldungeon.sprites,Shield,3.0,0.0,2.0,2.0,0.3333333333333333,0.5
pixel-dungeon,com.watabou.pixeldungeon.sprites,GolemSprite,3.0,0.0,3.0,3.0,0.0,1.0
pixel-dungeon,com.watabou.pixeldungeon.sprites,SpinnerSprite,1.0,0.0,2.0,2.0,0.0,1.0
pixel-dungeon,com.watabou.pixeldungeon.sprites,BeeSprite,1.0,0.0,2.0,2.0,0.0,1.0
pixel-dungeon,com.watabou.pixeldungeon.sprites,PlantSprite,12.0,9.0,4.0,4.0,0.6799999999999999,0.5
pixel-dungeon,com.watabou.pixeldungeon.sprites,MimicSprite,1.0,0.0,2.0,2.0,0.0,1.0
pixel-dungeon,com.watabou.pixeldungeon.sprites,WarlockSprite,6.0,0.0,4.0,4.0,0.0,1.0
pixel-dungeon,com.watabou.pixeldungeon.sprites,CrabSprite,1.0,0.0,2.0,2.0,0.0,1.0
pixel-dungeon,com.watabou.pixeldungeon.sprites,GhostSprite,6.0,0.0,4.0,4.0,0.0,1.0
pixel-dungeon,com.watabou.pixeldungeon.sprites,SeniorSprite,0.0,0.0,1.0,1.0,-0.0,0.0
pixel-dungeon,com.watabou.pixeldungeon.sprites,MobSprite,15.0,0.0,6.0,6.0,1.0,1.0
pixel-dungeon,com.watabou.pixeldungeon.sprites,AlbinoSprite,0.0,0.0,1.0,1.0,0.0,0.0
pixel-dungeon,com.watabou.pixeldungeon.sprites,RottingFistSprite,3.0,0.0,3.0,3.0,1.0,1.0
pixel-dungeon,com.watabou.pixeldungeon.sprites,BanditSprite,0.0,0.0,1.0,1.0,0.0,0.0
pixel-dungeon,com.watabou.pixeldungeon.sprites,SheepSprite,0.0,0.0,1.0,1.0,0.0,0.0
pixel-dungeon,com.watabou.pixeldungeon.sprites,ShamanSprite,1.0,1.0,2.0,2.0,1.0,1.0
pixel-dungeon,com.watabou.pixeldungeon.sprites,GnollSprite,0.0,0.0,1.0,1.0,0.0,0.0
pixel-dungeon,com.watabou.pixeldungeon.sprites,BruteSprite,0.0,0.0,1.0,1.0,0.0,0.0
pixel-dungeon,com.watabou.pixeldungeon.sprites,PiranhaSprite,1.0,0.0,2.0,2.0,0.0,1.0
pixel-dungeon,com.watabou.pixeldungeon.sprites,MissileSprite,5.0,4.0,3.0,2.0,0.8333333333333334,0.5
pixel-dungeon,com.watabou.pixeldungeon.sprites,MonkSprite,0.0,0.0,1.0,1.0,-0.0,0.0
pixel-dungeon,com.watabou.pixeldungeon.sprites,YogSprite,1.0,0.0,2.0,2.0,0.0,1.0
pixel-dungeon,com.watabou.pixeldungeon.sprites,LarvaSprite,3.0,0.0,3.0,2.0,0.0,0.6666666666666666
pixel-dungeon,com.watabou.pixeldungeon.sprites,BatSprite,0.0,0.0,1.0,1.0,0.0,0.0
pixel-dungeon,com.watabou.pixeldungeon.sprites,DiscardedItemSprite,3.0,0.0,3.0,3.0,0.0,1.0
pixel-dungeon,com.watabou.pixeldungeon.sprites,HeroSprite,51.0,47.0,8.0,5.0,0.85,0.18181818181818182
pixel-dungeon,com.watabou.pixeldungeon.sprites,ItemSprite,94.0,68.0,6.0,4.0,0.9047619047619048,0.125
pixel-dungeon,com.watabou.pixeldungeon.sprites,Glowing,0.0,0.0,1.0,1.0,1.0,0.0
pixel-dungeon,com.watabou.pixeldungeon.sprites,GooSprite,25.0,22.0,6.0,6.0,0.9285714285714286,0.75
pixel-dungeon,com.watabou.pixeldungeon.sprites,GooParticle,6.0,0.0,4.0,3.0,1.3333333333333333,0.75
pixel-dungeon,com.watabou.pixeldungeon.sprites,UndeadSprite,3.0,0.0,3.0,3.0,0.0,1.0
pixel-dungeon,com.watabou.pixeldungeon.windows,WndGame,42.0,39.0,8.0,8.0,0.9393939393939394,0.8
pixel-dungeon,com.watabou.pixeldungeon.windows,WndSadGhost,0.0,0.0,1.0,1.0,0.5,0.0
pixel-dungeon,com.watabou.pixeldungeon.windows,WndBlacksmith,45.0,24.0,3.0,3.0,0.8666666666666667,0.25
pixel-dungeon,com.watabou.pixeldungeon.windows,ItemButton,13.0,5.0,3.0,2.0,0.7222222222222223,0.2857142857142857
pixel-dungeon,com.watabou.pixeldungeon.windows,WndStory,3.0,0.0,2.0,2.0,1.0512820512820513,0.5
pixel-dungeon,com.watabou.pixeldungeon.windows,WndBag,222.0,144.0,5.0,4.0,0.9166666666666666,0.16
pixel-dungeon,com.watabou.pixeldungeon.windows,BagTab,0.0,0.0,1.0,1.0,0.3333333333333333,0.0
pixel-dungeon,com.watabou.pixeldungeon.windows,Placeholder,3.0,0.0,3.0,3.0,0.0,1.0
pixel-dungeon,com.watabou.pixeldungeon.windows,ItemButton,8.0,0.0,1.0,1.0,0.738095238095238,0.0
pixel-dungeon,com.watabou.pixeldungeon.windows,Listener,0.0,0.0,1.0,1.0,0.0,-1.0
pixel-dungeon,com.watabou.pixeldungeon.windows,WndResurrect,10.0,0.0,5.0,5.0,0.9375,0.6
pixel-dungeon,com.watabou.pixeldungeon.windows,WndItem,1.0,0.0,2.0,2.0,1.0,1.0
pixel-dungeon,com.watabou.pixeldungeon.windows,WndClass,6.0,2.0,4.0,4.0,0.9,0.4
pixel-dungeon,com.watabou.pixeldungeon.windows,RankingTab,0.0,0.0,1.0,1.0,-0.0,0.0
pixel-dungeon,com.watabou.pixeldungeon.windows,PerksTab,0.0,0.0,1.0,1.0,0.0,0.0
pixel-dungeon,com.watabou.pixeldungeon.windows,MasteryTab,0.0,0.0,1.0,1.0,0.0,0.0
pixel-dungeon,com.watabou.pixeldungeon.windows,WndTradeItem,90.0,89.0,13.0,1.0,0.9487179487179488,0.0
pixel-dungeon,com.watabou.pixeldungeon.windows,WndOptions,3.0,0.0,3.0,1.0,1.0,0.0
pixel-dungeon,com.watabou.pixeldungeon.windows,WndRanking,201.0,171.0,8.0,7.0,0.9523809523809523,0.18181818181818182
pixel-dungeon,com.watabou.pixeldungeon.windows,RankingTab,0.0,0.0,1.0,1.0,-0.0,0.0
pixel-dungeon,com.watabou.pixeldungeon.windows,StatsTab,3.0,0.0,3.0,2.0,0.9583333333333334,0.6666666666666666
pixel-dungeon,com.watabou.pixeldungeon.windows,ItemsTab,2.0,1.0,2.0,1.0,0.5,0.0
pixel-dungeon,com.watabou.pixeldungeon.windows,BadgesTab,0.0,0.0,1.0,1.0,0.0,0.0
pixel-dungeon,com.watabou.pixeldungeon.windows,ItemButton,4.0,0.0,1.0,1.0,0.6,0.0
pixel-dungeon,com.watabou.pixeldungeon.windows,LabelledItemButton,2.0,1.0,2.0,2.0,0.5,0.0
pixel-dungeon,com.watabou.pixeldungeon.windows,IconTitle,31.0,17.0,4.0,3.0,0.8333333333333334,0.3
pixel-dungeon,com.watabou.pixeldungeon.windows,WndTabbed,73.0,55.0,7.0,5.0,0.8974358974358974,0.21428571428571427
pixel-dungeon,com.watabou.pixeldungeon.windows,Tab,2.0,1.0,3.0,3.0,1.0,0.6666666666666666
pixel-dungeon,com.watabou.pixeldungeon.windows,LabeledTab,0.0,0.0,1.0,1.0,-0.0,0.0
pixel-dungeon,com.watabou.pixeldungeon.windows,WndWandmaker,0.0,0.0,1.0,1.0,0.6666666666666667,0.0
pixel-dungeon,com.watabou.pixeldungeon.windows,WndBadge,0.0,0.0,1.0,1.0,0.0,0.0
pixel-dungeon,com.watabou.pixeldungeon.windows,WndMessage,0.0,0.0,1.0,1.0,0.0,0.0
pixel-dungeon,com.watabou.pixeldungeon.windows,WndJournal,0.0,0.0,1.0,1.0,0.7666666666666666,0.0
pixel-dungeon,com.watabou.pixeldungeon.windows,ListItem,0.0,0.0,1.0,1.0,0.16666666666666674,0.0
pixel-dungeon,com.watabou.pixeldungeon.windows,WndSettings,90.0,89.0,13.0,8.0,0.9903846153846154,0.5714285714285714
pixel-dungeon,com.watabou.pixeldungeon.windows,WndTitledMessage,1.0,0.0,2.0,2.0,1.0,1.0
pixel-dungeon,com.watabou.pixeldungeon.windows,WndQuest,3.0,0.0,3.0,1.0,1.0,0.0
pixel-dungeon,com.watabou.pixeldungeon.windows,WndChooseWay,28.0,0.0,8.0,6.0,0.761904761904762,0.75
pixel-dungeon,com.watabou.pixeldungeon.windows,WndError,0.0,0.0,1.0,1.0,0.0,0.0
pixel-dungeon,com.watabou.pixeldungeon.windows,WndInfoMob,5.0,4.0,3.0,2.0,0.7333333333333334,0.5
pixel-dungeon,com.watabou.pixeldungeon.windows,MobTitle,0.0,0.0,1.0,1.0,0.19999999999999996,0.0
pixel-dungeon,com.watabou.pixeldungeon.windows,WndImp,3.0,0.0,3.0,1.0,1.0,0.0
pixel-dungeon,com.watabou.pixeldungeon.windows,WndCatalogus,29.0,22.0,4.0,2.0,0.8897058823529411,0.2222222222222222
pixel-dungeon,com.watabou.pixeldungeon.windows,ListItem,2.0,0.0,1.0,1.0,0.5,0.0
pixel-dungeon,com.watabou.pixeldungeon.windows,WndInfoCell,0.0,0.0,1.0,1.0,0.0,0.0
pixel-dungeon,com.watabou.pixeldungeon.windows,WndInfoPlant,0.0,0.0,1.0,1.0,0.0,0.0
pixel-dungeon,com.watabou.pixeldungeon.windows,WndInfoItem,3.0,0.0,3.0,3.0,1.0,1.0
pixel-dungeon,com.watabou.pixeldungeon.windows,WndChallenges,0.0,0.0,1.0,1.0,0.7142857142857142,0.0
pixel-dungeon,com.watabou.pixeldungeon.windows,WndHero,51.0,36.0,5.0,5.0,0.9545454545454546,0.3333333333333333
pixel-dungeon,com.watabou.pixeldungeon.windows,StatsTab,12.0,9.0,4.0,4.0,0.8800000000000001,0.6666666666666666
pixel-dungeon,com.watabou.pixeldungeon.windows,BuffsTab,2.0,1.0,2.0,1.0,0.75,0.0
pixel-dungeon,com.watabou.pixeldungeon.items,EquipableItem,28.0,0.0,8.0,2.0,1.0,0.25
pixel-dungeon,com.watabou.pixeldungeon.items,ArmorKit,21.0,21.0,7.0,6.0,0.9666666666666667,0.5714285714285714
pixel-dungeon,com.watabou.pixeldungeon.items,Amulet,21.0,0.0,7.0,5.0,0.8333333333333334,0.5714285714285714
pixel-dungeon,com.watabou.pixeldungeon.items,LloydsBeacon,15.0,0.0,3.0,3.0,0.8846153846153846,0.3333333333333333
pixel-dungeon,com.watabou.pixeldungeon.items,TomeOfMastery,28.0,0.0,8.0,7.0,0.9523809523809524,0.625
pixel-dungeon,com.watabou.pixeldungeon.items,DewVial,63.0,35.0,7.0,4.0,0.9340659340659341,0.2857142857142857
pixel-dungeon,com.watabou.pixeldungeon.items,Dewdrop,1.0,0.0,2.0,2.0,1.0,1.0
pixel-dungeon,com.watabou.pixeldungeon.items,Gold,45.0,0.0,10.0,10.0,0.9777777777777779,0.5
pixel-dungeon,com.watabou.pixeldungeon.items,ItemStatusHandler,9.0,0.0,1.0,1.0,0.6349206349206349,0.0
pixel-dungeon,com.watabou.pixeldungeon.items,Generator,23.0,18.0,4.0,3.0,0.7714285714285715,0.25
pixel-dungeon,com.watabou.pixeldungeon.items,Honeypot,28.0,0.0,8.0,6.0,0.8571428571428571,0.625
pixel-dungeon,com.watabou.pixeldungeon.items,Ankh,6.0,0.0,4.0,4.0,0.0,1.0
pixel-dungeon,com.watabou.pixeldungeon.items,Heap,16.0,0.0,1.0,1.0,0.775,0.0
pixel-dungeon,com.watabou.pixeldungeon.items,KindOfWeapon,55.0,0.0,11.0,7.0,1.0,0.6363636363636364
pixel-dungeon,com.watabou.pixeldungeon.items,Torch,15.0,0.0,6.0,6.0,0.9,0.8333333333333334
pixel-dungeon,com.watabou.pixeldungeon.items,Weightstone,78.0,78.0,13.0,10.0,0.9940476190476191,0.6153846153846154
pixel-dungeon,com.watabou.pixeldungeon.items,WndBalance,10.0,0.0,5.0,5.0,1.0,1.0
pixel-dungeon,com.watabou.pixeldungeon.items,Bomb,15.0,0.0,6.0,6.0,0.0,0.8333333333333334
pixel-dungeon,com.watabou.pixeldungeon.items,Item,1423.0,1250.0,28.0,12.0,0.9695378151260504,0.17543859649122806
pixel-dungeon,com.watabou.pixeldungeon.items.scrolls,ScrollOfMirrorImage,1.0,0.0,2.0,2.0,1.0,1.0
pixel-dungeon,com.watabou.pixeldungeon.items.scrolls,ScrollOfLullaby,3.0,0.0,3.0,3.0,0.0,1.0
pixel-dungeon,com.watabou.pixeldungeon.items.scrolls,ScrollOfIdentify,3.0,0.0,3.0,3.0,0.0,1.0
pixel-dungeon,com.watabou.pixeldungeon.items.scrolls,ScrollOfRemoveCurse,6.0,0.0,4.0,4.0,1.0,1.0
pixel-dungeon,com.watabou.pixeldungeon.items.scrolls,ScrollOfRecharging,6.0,0.0,4.0,3.0,0.0,0.75
pixel-dungeon,com.watabou.pixeldungeon.items.scrolls,InventoryScroll,12.0,9.0,4.0,2.0,0.7428571428571429,0.3333333333333333
pixel-dungeon,com.watabou.pixeldungeon.items.scrolls,ScrollOfWipeOut,21.0,0.0,7.0,6.0,0.9444444444444445,0.7142857142857143
pixel-dungeon,com.watabou.pixeldungeon.items.scrolls,ScrollOfEnchantment,1.0,0.0,2.0,2.0,1.0,1.0
pixel-dungeon,com.watabou.pixeldungeon.items.scrolls,ScrollOfTerror,3.0,0.0,3.0,3.0,0.0,1.0
pixel-dungeon,com.watabou.pixeldungeon.items.scrolls,ScrollOfChallenge,1.0,0.0,2.0,2.0,0.0,1.0
pixel-dungeon,com.watabou.pixeldungeon.items.scrolls,ScrollOfPsionicBlast,3.0,0.0,3.0,3.0,0.0,1.0
pixel-dungeon,com.watabou.pixeldungeon.items.scrolls,ScrollOfTeleportation,6.0,0.0,4.0,3.0,1.0,0.75
pixel-dungeon,com.watabou.pixeldungeon.items.scrolls,Scroll,168.0,165.0,17.0,12.0,0.8958333333333334,0.2631578947368421
pixel-dungeon,com.watabou.pixeldungeon.items.scrolls,ScrollOfMagicMapping,6.0,0.0,4.0,3.0,1.0,0.75
pixel-dungeon,com.watabou.pixeldungeon.items.scrolls,ScrollOfUpgrade,3.0,0.0,3.0,2.0,1.0,0.6666666666666666
pixel-dungeon,com.watabou.pixeldungeon.items.bags,ScrollHolder,3.0,0.0,3.0,3.0,0.0,1.0
pixel-dungeon,com.watabou.pixeldungeon.items.bags,Bag,83.0,61.0,8.0,6.0,0.8775510204081632,0.3333333333333333
pixel-dungeon,com.watabou.pixeldungeon.items.bags,ItemIterator,0.0,0.0,1.0,1.0,-0.0,0.0
pixel-dungeon,com.watabou.pixeldungeon.items.bags,Keyring,3.0,0.0,3.0,3.0,0.0,1.0
pixel-dungeon,com.watabou.pixeldungeon.items.bags,SeedPouch,3.0,0.0,3.0,3.0,0.0,1.0
pixel-dungeon,com.watabou.pixeldungeon.items.bags,WandHolster,10.0,0.0,5.0,5.0,0.0,0.8
pixel-dungeon,com.watabou.pixeldungeon.items.armor,WarriorArmor,21.0,0.0,7.0,7.0,0.9333333333333332,0.8571428571428571
pixel-dungeon,com.watabou.pixeldungeon.items.armor,Armor,442.0,356.0,16.0,10.0,0.9486607142857143,0.30303030303030304
pixel-dungeon,com.watabou.pixeldungeon.items.armor,Glyph,21.0,0.0,7.0,7.0,1.0,1.0
pixel-dungeon,com.watabou.pixeldungeon.items.armor,MageArmor,6.0,0.0,4.0,4.0,1.0,1.0
pixel-dungeon,com.watabou.pixeldungeon.items.armor,HuntressArmor,9.0,8.0,4.0,4.0,0.9375,0.8
pixel-dungeon,com.watabou.pixeldungeon.items.armor,ClothArmor,1.0,0.0,2.0,2.0,0.0,1.0
pixel-dungeon,com.watabou.pixeldungeon.items.armor,RogueArmor,15.0,0.0,6.0,6.0,1.0,1.0
pixel-dungeon,com.watabou.pixeldungeon.items.armor,PlateArmor,1.0,0.0,2.0,2.0,0.0,1.0
pixel-dungeon,com.watabou.pixeldungeon.items.armor,MailArmor,1.0,0.0,2.0,2.0,0.0,1.0
pixel-dungeon,com.watabou.pixeldungeon.items.armor,ClassArmor,72.0,66.0,10.0,7.0,0.9166666666666666,0.5384615384615384
pixel-dungeon,com.watabou.pixeldungeon.items.armor,LeatherArmor,1.0,0.0,2.0,2.0,0.0,1.0
pixel-dungeon,com.watabou.pixeldungeon.items.armor,ScaleArmor,1.0,0.0,2.0,2.0,0.0,1.0
pixel-dungeon,com.watabou.pixeldungeon.items.armor.glyphs,AutoRepair,3.0,0.0,3.0,3.0,1.0,1.0
pixel-dungeon,com.watabou.pixeldungeon.items.armor.glyphs,Viscosity,30.0,15.0,5.0,5.0,0.8333333333333334,0.5
pixel-dungeon,com.watabou.pixeldungeon.items.armor.glyphs,DeferedDamage,11.0,1.0,3.0,3.0,0.5833333333333334,0.42857142857142855
pixel-dungeon,com.watabou.pixeldungeon.items.armor.glyphs,AntiEntropy,3.0,0.0,3.0,3.0,1.0,1.0
pixel-dungeon,com.watabou.pixeldungeon.items.armor.glyphs,Entanglement,3.0,0.0,3.0,3.0,1.0,1.0
pixel-dungeon,com.watabou.pixeldungeon.items.armor.glyphs,Metabolism,3.0,0.0,3.0,3.0,1.0,1.0
pixel-dungeon,com.watabou.pixeldungeon.items.armor.glyphs,Bounce,1.0,0.0,2.0,2.0,1.0,1.0
pixel-dungeon,com.watabou.pixeldungeon.items.armor.glyphs,Affection,3.0,0.0,3.0,3.0,1.0,1.0
pixel-dungeon,com.watabou.pixeldungeon.items.armor.glyphs,Stench,3.0,0.0,3.0,3.0,1.0,1.0
pixel-dungeon,com.watabou.pixeldungeon.items.armor.glyphs,Potential,3.0,0.0,3.0,3.0,1.0,1.0
pixel-dungeon,com.watabou.pixeldungeon.items.armor.glyphs,Multiplicity,3.0,0.0,3.0,3.0,1.0,1.0
pixel-dungeon,com.watabou.pixeldungeon.items.armor.glyphs,Displacement,3.0,0.0,3.0,3.0,1.0,1.0
pixel-dungeon,com.watabou.pixeldungeon.items.keys,GoldenKey,0.0,0.0,1.0,1.0,0.0,0.0
pixel-dungeon,com.watabou.pixeldungeon.items.keys,SkeletonKey,0.0,0.0,1.0,1.0,0.0,0.0
pixel-dungeon,com.watabou.pixeldungeon.items.keys,Key,9.0,3.0,3.0,3.0,0.8,0.5
pixel-dungeon,com.watabou.pixeldungeon.items.keys,IronKey,6.0,0.0,4.0,4.0,1.1666666666666667,0.5
pixel-dungeon,com.watabou.pixeldungeon.items.rings,RingOfShadows,1.0,0.0,2.0,2.0,0.0,1.0
pixel-dungeon,com.watabou.pixeldungeon.items.rings,Shadows,0.0,0.0,0.0,0.0,0.0,-1.0
pixel-dungeon,com.watabou.pixeldungeon.items.rings,RingOfDetection,3.0,0.0,3.0,3.0,0.0,1.0
pixel-dungeon,com.watabou.pixeldungeon.items.rings,Detection,0.0,0.0,0.0,0.0,0.0,-1.0
pixel-dungeon,com.watabou.pixeldungeon.items.rings,Ring,515.0,502.0,25.0,9.0,0.9604166666666667,0.15151515151515152
pixel-dungeon,com.watabou.pixeldungeon.items.rings,RingBuff,3.0,3.0,3.0,3.0,1.0,1.0
pixel-dungeon,com.watabou.pixeldungeon.items.rings,RingOfAccuracy,1.0,0.0,2.0,2.0,0.0,1.0
pixel-dungeon,com.watabou.pixeldungeon.items.rings,Accuracy,0.0,0.0,0.0,0.0,0.0,-1.0
pixel-dungeon,com.watabou.pixeldungeon.items.rings,RingOfEvasion,1.0,0.0,2.0,2.0,0.0,1.0
pixel-dungeon,com.watabou.pixeldungeon.items.rings,Evasion,0.0,0.0,0.0,0.0,0.0,-1.0
pixel-dungeon,com.watabou.pixeldungeon.items.rings,RingOfThorns,15.0,0.0,6.0,6.0,0.0,1.0
pixel-dungeon,com.watabou.pixeldungeon.items.rings,Thorns,0.0,0.0,0.0,0.0,0.0,-1.0
pixel-dungeon,com.watabou.pixeldungeon.items.rings,RingOfHaste,1.0,0.0,2.0,2.0,0.0,1.0
pixel-dungeon,com.watabou.pixeldungeon.items.rings,Haste,0.0,0.0,0.0,0.0,0.0,-1.0
pixel-dungeon,com.watabou.pixeldungeon.items.rings,RingOfHerbalism,1.0,0.0,2.0,2.0,0.0,1.0
pixel-dungeon,com.watabou.pixeldungeon.items.rings,Herbalism,0.0,0.0,0.0,0.0,0.0,-1.0
pixel-dungeon,com.watabou.pixeldungeon.items.rings,RingOfPower,1.0,0.0,2.0,2.0,0.0,1.0
pixel-dungeon,com.watabou.pixeldungeon.items.rings,Power,0.0,0.0,0.0,0.0,0.0,-1.0
pixel-dungeon,com.watabou.pixeldungeon.items.rings,RingOfElements,6.0,0.0,4.0,4.0,1.0,0.75
pixel-dungeon,com.watabou.pixeldungeon.items.rings,Resistance,1.0,0.0,2.0,2.0,0.0,0.0
pixel-dungeon,com.watabou.pixeldungeon.items.rings,RingOfSatiety,1.0,0.0,2.0,2.0,0.0,1.0
pixel-dungeon,com.watabou.pixeldungeon.items.rings,Satiety,0.0,0.0,0.0,0.0,0.0,-1.0
pixel-dungeon,com.watabou.pixeldungeon.items.rings,RingOfMending,1.0,0.0,2.0,2.0,0.0,1.0
pixel-dungeon,com.watabou.pixeldungeon.items.rings,Rejuvenation,0.0,0.0,0.0,0.0,0.0,-1.0
pixel-dungeon,com.watabou.pixeldungeon.items.rings,RingOfHaggler,15.0,0.0,6.0,6.0,0.0,1.0
pixel-dungeon,com.watabou.pixeldungeon.items.rings,Haggling,0.0,0.0,0.0,0.0,0.0,-1.0
pixel-dungeon,com.watabou.pixeldungeon.items.wands,WandOfBlink,6.0,0.0,4.0,3.0,0.0,0.75
pixel-dungeon,com.watabou.pixeldungeon.items.wands,WandOfFirebolt,3.0,0.0,3.0,3.0,0.0,1.0
pixel-dungeon,com.watabou.pixeldungeon.items.wands,WandOfMagicMissile,27.0,26.0,7.0,7.0,0.9523809523809524,0.75
pixel-dungeon,com.watabou.pixeldungeon.items.wands,WandOfTeleportation,3.0,0.0,3.0,3.0,0.0,1.0
pixel-dungeon,com.watabou.pixeldungeon.items.wands,WandOfFlock,21.0,21.0,7.0,7.0,1.0,1.0
pixel-dungeon,com.watabou.pixeldungeon.items.wands,Sheep,6.0,6.0,4.0,4.0,1.0,1.0
pixel-dungeon,com.watabou.pixeldungeon.items.wands,WandOfDisintegration,6.0,0.0,4.0,2.0,0.0,0.5
pixel-dungeon,com.watabou.pixeldungeon.items.wands,WandOfLightning,5.0,4.0,3.0,3.0,0.6666666666666666,0.75
pixel-dungeon,com.watabou.pixeldungeon.items.wands,WandOfAmok,3.0,0.0,3.0,3.0,0.0,1.0
pixel-dungeon,com.watabou.pixeldungeon.items.wands,WandOfSlowness,3.0,0.0,3.0,3.0,0.0,1.0
pixel-dungeon,com.watabou.pixeldungeon.items.wands,WandOfRegrowth,3.0,0.0,3.0,3.0,0.0,1.0
pixel-dungeon,com.watabou.pixeldungeon.items.wands,Wand,810.0,759.0,28.0,12.0,0.9624765478424014,0.16666666666666666
pixel-dungeon,com.watabou.pixeldungeon.items.wands,Charger,3.0,0.0,3.0,1.0,1.0,0.0
pixel-dungeon,com.watabou.pixeldungeon.items.wands,WandOfPoison,3.0,0.0,3.0,3.0,0.0,1.0
pixel-dungeon,com.watabou.pixeldungeon.items.wands,WandOfAvalanche,3.0,0.0,3.0,3.0,0.0,1.0
pixel-dungeon,com.watabou.pixeldungeon.items.wands,WandOfReach,6.0,0.0,4.0,3.0,1.0,0.75
pixel-dungeon,com.watabou.pixeldungeon.items.potions,PotionOfParalyticGas,3.0,0.0,3.0,3.0,0.0,1.0
pixel-dungeon,com.watabou.pixeldungeon.items.potions,PotionOfLiquidFlame,3.0,0.0,3.0,3.0,0.0,1.0
pixel-dungeon,com.watabou.pixeldungeon.items.potions,PotionOfLevitation,3.0,0.0,3.0,3.0,0.0,1.0
pixel-dungeon,com.watabou.pixeldungeon.items.potions,PotionOfToxicGas,3.0,0.0,3.0,3.0,0.0,1.0
pixel-dungeon,com.watabou.pixeldungeon.items.potions,PotionOfPurity,6.0,0.0,4.0,4.0,1.0,1.0
pixel-dungeon,com.watabou.pixeldungeon.items.potions,PotionOfHealing,6.0,0.0,4.0,3.0,0.0,0.75
pixel-dungeon,com.watabou.pixeldungeon.items.potions,Potion,315.0,305.0,22.0,11.0,0.9415384615384617,0.15384615384615385
pixel-dungeon,com.watabou.pixeldungeon.items.potions,PotionOfExperience,3.0,0.0,3.0,3.0,0.0,1.0
pixel-dungeon,com.watabou.pixeldungeon.items.potions,PotionOfMight,3.0,0.0,3.0,3.0,0.0,1.0
pixel-dungeon,com.watabou.pixeldungeon.items.potions,PotionOfMindVision,3.0,0.0,3.0,3.0,0.0,1.0
pixel-dungeon,com.watabou.pixeldungeon.items.potions,PotionOfStrength,3.0,0.0,3.0,3.0,0.0,1.0
pixel-dungeon,com.watabou.pixeldungeon.items.potions,PotionOfFrost,3.0,0.0,3.0,3.0,1.0,1.0
pixel-dungeon,com.watabou.pixeldungeon.items.potions,PotionOfInvisibility,6.0,0.0,4.0,4.0,1.0,1.0
pixel-dungeon,com.watabou.pixeldungeon.items.quest,RatSkull,6.0,0.0,4.0,4.0,0.0,1.0
pixel-dungeon,com.watabou.pixeldungeon.items.quest,Pickaxe,60.0,54.0,9.0,9.0,0.9242424242424242,0.6666666666666666
pixel-dungeon,com.watabou.pixeldungeon.items.quest,PhantomFish,10.0,0.0,5.0,5.0,0.875,0.8
pixel-dungeon,com.watabou.pixeldungeon.items.quest,DarkGold,6.0,0.0,4.0,4.0,0.0,1.0
pixel-dungeon,com.watabou.pixeldungeon.items.quest,CorpseDust,3.0,0.0,3.0,3.0,0.0,1.0
pixel-dungeon,com.watabou.pixeldungeon.items.quest,DwarfToken,6.0,0.0,4.0,4.0,0.0,1.0
pixel-dungeon,com.watabou.pixeldungeon.items.quest,DriedRose,3.0,0.0,3.0,3.0,0.0,1.0
pixel-dungeon,com.watabou.pixeldungeon.items.weapon.melee,MeleeWeapon,57.0,36.0,7.0,4.0,0.5,0.3076923076923077
pixel-dungeon,com.watabou.pixeldungeon.items.weapon.melee,ShortSword,14.0,13.0,5.0,5.0,0.9428571428571428,0.6666666666666666
pixel-dungeon,com.watabou.pixeldungeon.items.weapon.melee,BattleAxe,1.0,0.0,2.0,2.0,0.0,1.0
pixel-dungeon,com.watabou.pixeldungeon.items.weapon.melee,Longsword,1.0,0.0,2.0,2.0,0.0,1.0
pixel-dungeon,com.watabou.pixeldungeon.items.weapon.melee,Mace,1.0,0.0,2.0,2.0,0.0,1.0
pixel-dungeon,com.watabou.pixeldungeon.items.weapon.melee,WarHammer,1.0,0.0,2.0,2.0,0.0,1.0
pixel-dungeon,com.watabou.pixeldungeon.items.weapon.melee,Spear,1.0,0.0,2.0,2.0,0.0,1.0
pixel-dungeon,com.watabou.pixeldungeon.items.weapon.melee,Quarterstaff,1.0,0.0,2.0,2.0,0.0,1.0
pixel-dungeon,com.watabou.pixeldungeon.items.weapon.melee,Knuckles,1.0,0.0,2.0,2.0,0.0,1.0
pixel-dungeon,com.watabou.pixeldungeon.items.weapon.melee,Dagger,1.0,0.0,2.0,2.0,0.0,1.0
pixel-dungeon,com.watabou.pixeldungeon.items.weapon.melee,Glaive,1.0,0.0,2.0,2.0,0.0,1.0
pixel-dungeon,com.watabou.pixeldungeon.items.weapon.melee,Sword,1.0,0.0,2.0,2.0,0.0,1.0
pixel-dungeon,com.watabou.pixeldungeon.items.weapon,Weapon,164.0,118.0,9.0,8.0,0.940625,0.38095238095238093
pixel-dungeon,com.watabou.pixeldungeon.items.weapon,Enchantment,15.0,0.0,6.0,6.0,1.0,1.0
pixel-dungeon,com.watabou.pixeldungeon.items.weapon.missiles,Dart,21.0,0.0,7.0,7.0,0.0,1.0
pixel-dungeon,com.watabou.pixeldungeon.items.weapon.missiles,IncendiaryDart,36.0,0.0,9.0,9.0,0.0,1.0
pixel-dungeon,com.watabou.pixeldungeon.items.weapon.missiles,MissileWeapon,45.0,0.0,10.0,9.0,1.0,0.9
pixel-dungeon,com.watabou.pixeldungeon.items.weapon.missiles,Boomerang,54.0,53.0,10.0,7.0,0.9,0.6363636363636364
pixel-dungeon,com.watabou.pixeldungeon.items.weapon.missiles,Tamahawk,28.0,0.0,8.0,8.0,0.0,1.0
pixel-dungeon,com.watabou.pixeldungeon.items.weapon.missiles,Shuriken,21.0,0.0,7.0,7.0,0.0,1.0
pixel-dungeon,com.watabou.pixeldungeon.items.weapon.missiles,CurareDart,28.0,0.0,8.0,8.0,1.0,1.0
pixel-dungeon,com.watabou.pixeldungeon.items.weapon.missiles,Javelin,28.0,0.0,8.0,8.0,0.0,1.0
pixel-dungeon,com.watabou.pixeldungeon.items.weapon.enchantments,Leech,3.0,0.0,3.0,3.0,1.0,1.0
pixel-dungeon,com.watabou.pixeldungeon.items.weapon.enchantments,Death,3.0,0.0,3.0,3.0,1.0,1.0
pixel-dungeon,com.watabou.pixeldungeon.items.weapon.enchantments,Paralysis,3.0,0.0,3.0,3.0,1.0,1.0
pixel-dungeon,com.watabou.pixeldungeon.items.weapon.enchantments,Instability,1.0,0.0,2.0,2.0,1.0,1.0
pixel-dungeon,com.watabou.pixeldungeon.items.weapon.enchantments,Poison,3.0,0.0,3.0,3.0,1.0,1.0
pixel-dungeon,com.watabou.pixeldungeon.items.weapon.enchantments,Fire,3.0,0.0,3.0,3.0,1.0,1.0
pixel-dungeon,com.watabou.pixeldungeon.items.weapon.enchantments,Slow,3.0,0.0,3.0,3.0,1.0,1.0
pixel-dungeon,com.watabou.pixeldungeon.items.weapon.enchantments,Shock,2.0,1.0,2.0,2.0,0.625,0.6666666666666666
pixel-dungeon,com.watabou.pixeldungeon.items.weapon.enchantments,Luck,3.0,0.0,3.0,3.0,1.0,1.0
pixel-dungeon,com.watabou.pixeldungeon.items.weapon.enchantments,Tempering,3.0,0.0,3.0,3.0,1.0,1.0
pixel-dungeon,com.watabou.pixeldungeon.items.weapon.enchantments,Horror,3.0,0.0,3.0,3.0,1.0,1.0
pixel-dungeon,com.watabou.pixeldungeon.items.food,FrozenCarpaccio,6.0,0.0,4.0,4.0,0.0,1.0
pixel-dungeon,com.watabou.pixeldungeon.items.food,MysteryMeat,3.0,0.0,3.0,3.0,0.0,1.0
pixel-dungeon,com.watabou.pixeldungeon.items.food,Food,15.0,15.0,6.0,6.0,0.95,0.8333333333333334
pixel-dungeon,com.watabou.pixeldungeon.items.food,Pasty,1.0,0.0,2.0,2.0,0.0,1.0
pixel-dungeon,com.watabou.pixeldungeon.items.food,OverpricedRation,1.0,0.0,2.0,2.0,0.0,1.0
pixel-dungeon,com.watabou.pixeldungeon.items.food,ChargrilledMeat,3.0,0.0,3.0,3.0,0.0,1.0
pixel-dungeon,com.watabou.pixeldungeon.levels,DeadEndLevel,21.0,0.0,7.0,7.0,1.0,0.8571428571428571
pixel-dungeon,com.watabou.pixeldungeon.levels,SewerBossLevel,114.0,108.0,13.0,13.0,0.8666666666666667,0.625
pixel-dungeon,com.watabou.pixeldungeon.levels,CityBossLevel,115.0,94.0,11.0,9.0,0.8802083333333334,0.47058823529411764
pixel-dungeon,com.watabou.pixeldungeon.levels,LastLevel,44.0,43.0,9.0,9.0,0.9444444444444444,0.8
pixel-dungeon,com.watabou.pixeldungeon.levels,PrisonBossLevel,160.0,149.0,14.0,12.0,0.8958333333333334,0.5789473684210527
pixel-dungeon,com.watabou.pixeldungeon.levels,SewerLevel,119.0,118.0,15.0,14.0,0.9777777777777777,0.875
pixel-dungeon,com.watabou.pixeldungeon.levels,Sink,2.0,1.0,2.0,2.0,0.8333333333333334,0.6666666666666666
pixel-dungeon,com.watabou.pixeldungeon.levels,WaterParticle,1.0,0.0,2.0,2.0,0.0,1.0
pixel-dungeon,com.watabou.pixeldungeon.levels,RegularLevel,246.0,167.0,13.0,3.0,0.92,0.0
pixel-dungeon,com.watabou.pixeldungeon.levels,HallsLevel,119.0,118.0,15.0,14.0,0.9333333333333333,0.875
pixel-dungeon,com.watabou.pixeldungeon.levels,Stream,2.0,1.0,2.0,2.0,0.5,0.6666666666666666
pixel-dungeon,com.watabou.pixeldungeon.levels,FireParticle,3.0,0.0,3.0,3.0,0.0,1.0
pixel-dungeon,com.watabou.pixeldungeon.levels,Level,579.0,492.0,21.0,10.0,0.9444444444444444,0.08108108108108109
pixel-dungeon,com.watabou.pixeldungeon.levels,Terrain,0.0,0.0,1.0,1.0,0.0,0.0
pixel-dungeon,com.watabou.pixeldungeon.levels,PrisonLevel,77.0,76.0,12.0,11.0,0.9166666666666666,0.7692307692307693
pixel-dungeon,com.watabou.pixeldungeon.levels,Torch,0.0,0.0,1.0,1.0,-0.0,0.0
pixel-dungeon,com.watabou.pixeldungeon.levels,CavesLevel,90.0,89.0,13.0,12.0,0.9230769230769231,0.7857142857142857
pixel-dungeon,com.watabou.pixeldungeon.levels,Vein,0.0,0.0,1.0,1.0,-0.0,0.0
pixel-dungeon,com.watabou.pixeldungeon.levels,Sparkle,1.0,0.0,2.0,2.0,0.0,1.0
pixel-dungeon,com.watabou.pixeldungeon.levels,CityLevel,135.0,134.0,16.0,15.0,0.96875,0.8235294117647058
pixel-dungeon,com.watabou.pixeldungeon.levels,Smoke,2.0,1.0,2.0,2.0,0.75,0.6666666666666666
pixel-dungeon,com.watabou.pixeldungeon.levels,SmokeParticle,3.0,0.0,3.0,3.0,0.0,1.0
pixel-dungeon,com.watabou.pixeldungeon.levels,CavesBossLevel,110.0,100.0,12.0,10.0,0.84,0.5
pixel-dungeon,com.watabou.pixeldungeon.levels,Patch,0.0,0.0,1.0,1.0,0.0,0.0
pixel-dungeon,com.watabou.pixeldungeon.levels,LastShopLevel,78.0,0.0,13.0,13.0,0.0,0.8461538461538461
pixel-dungeon,com.watabou.pixeldungeon.levels,HallsBossLevel,114.0,108.0,13.0,11.0,0.88,0.5625
pixel-dungeon,com.watabou.pixeldungeon.levels,Room,216.0,201.0,14.0,12.0,0.9365079365079365,0.45454545454545453
pixel-dungeon,com.watabou.pixeldungeon.levels,Door,1.0,1.0,2.0,2.0,1.0,1.0
pixel-dungeon,com.watabou.pixeldungeon.levels.painters,MagicWellPainter,0.0,0.0,1.0,1.0,0.0,0.0
pixel-dungeon,com.watabou.pixeldungeon.levels.painters,StoragePainter,1.0,0.0,2.0,1.0,0.0,0.0
pixel-dungeon,com.watabou.pixeldungeon.levels.painters,RatKingPainter,1.0,0.0,2.0,1.0,0.0,0.0
pixel-dungeon,com.watabou.pixeldungeon.levels.painters,BlacksmithPainter,0.0,0.0,1.0,1.0,0.0,0.0
pixel-dungeon,com.watabou.pixeldungeon.levels.painters,ShopPainter,10.0,0.0,5.0,1.0,0.5,0.0
pixel-dungeon,com.watabou.pixeldungeon.levels.painters,StandardPainter,21.0,0.0,7.0,1.0,0.0,0.0
pixel-dungeon,com.watabou.pixeldungeon.levels.painters,LaboratoryPainter,1.0,0.0,2.0,1.0,0.0,0.0
pixel-dungeon,com.watabou.pixeldungeon.levels.painters,PitPainter,1.0,0.0,2.0,1.0,0.0,0.0
pixel-dungeon,com.watabou.pixeldungeon.levels.painters,AltarPainter,0.0,0.0,1.0,1.0,0.0,0.0
pixel-dungeon,com.watabou.pixeldungeon.levels.painters,VaultPainter,1.0,0.0,2.0,1.0,0.0,0.0
pixel-dungeon,com.watabou.pixeldungeon.levels.painters,Painter,28.0,0.0,8.0,4.0,0.0,0.5
pixel-dungeon,com.watabou.pixeldungeon.levels.painters,BossExitPainter,0.0,0.0,1.0,1.0,0.0,0.0
pixel-dungeon,com.watabou.pixeldungeon.levels.painters,GardenPainter,0.0,0.0,1.0,1.0,0.0,0.0
pixel-dungeon,com.watabou.pixeldungeon.levels.painters,WeakFloorPainter,0.0,0.0,1.0,1.0,0.0,0.0
pixel-dungeon,com.watabou.pixeldungeon.levels.painters,TunnelPainter,0.0,0.0,1.0,1.0,0.0,0.0
pixel-dungeon,com.watabou.pixeldungeon.levels.painters,TrapsPainter,1.0,0.0,2.0,1.0,0.0,0.0
pixel-dungeon,com.watabou.pixeldungeon.levels.painters,LibraryPainter,1.0,0.0,2.0,1.0,0.0,0.0
pixel-dungeon,com.watabou.pixeldungeon.levels.painters,StatuePainter,0.0,0.0,1.0,1.0,0.0,0.0
pixel-dungeon,com.watabou.pixeldungeon.levels.painters,PoolPainter,1.0,0.0,2.0,1.0,1.0,0.0
pixel-dungeon,com.watabou.pixeldungeon.levels.painters,EntrancePainter,0.0,0.0,1.0,1.0,0.0,0.0
pixel-dungeon,com.watabou.pixeldungeon.levels.painters,TreasuryPainter,0.0,0.0,1.0,1.0,0.0,0.0
pixel-dungeon,com.watabou.pixeldungeon.levels.painters,ExitPainter,0.0,0.0,1.0,1.0,0.0,0.0
pixel-dungeon,com.watabou.pixeldungeon.levels.painters,ArmoryPainter,1.0,0.0,2.0,1.0,0.0,0.0
pixel-dungeon,com.watabou.pixeldungeon.levels.painters,PassagePainter,3.0,0.0,3.0,1.0,-0.0,0.0
pixel-dungeon,com.watabou.pixeldungeon.levels.painters,CryptPainter,1.0,0.0,2.0,1.0,0.0,0.0
pixel-dungeon,com.watabou.pixeldungeon.levels.features,Door,1.0,0.0,2.0,2.0,0.0,1.0
pixel-dungeon,com.watabou.pixeldungeon.levels.features,Sign,0.0,0.0,1.0,1.0,0.0,0.0
pixel-dungeon,com.watabou.pixeldungeon.levels.features,HighGrass,0.0,0.0,1.0,1.0,0.0,0.0
pixel-dungeon,com.watabou.pixeldungeon.levels.features,AlchemyPot,1.0,0.0,2.0,2.0,0.5,0.0
pixel-dungeon,com.watabou.pixeldungeon.levels.features,Chasm,15.0,0.0,6.0,6.0,0.9199999999999999,0.6666666666666666
pixel-dungeon,com.watabou.pixeldungeon.levels.traps,PoisonTrap,0.0,0.0,1.0,1.0,0.0,0.0
pixel-dungeon,com.watabou.pixeldungeon.levels.traps,ParalyticTrap,0.0,0.0,1.0,1.0,0.0,0.0
pixel-dungeon,com.watabou.pixeldungeon.levels.traps,AlarmTrap,0.0,0.0,1.0,1.0,0.0,0.0
pixel-dungeon,com.watabou.pixeldungeon.levels.traps,GrippingTrap,0.0,0.0,1.0,1.0,0.0,0.0
pixel-dungeon,com.watabou.pixeldungeon.levels.traps,LightningTrap,0.0,0.0,1.0,1.0,0.0,0.0
pixel-dungeon,com.watabou.pixeldungeon.levels.traps,Electricity,0.0,0.0,0.0,0.0,0.0,-1.0
pixel-dungeon,com.watabou.pixeldungeon.levels.traps,FireTrap,0.0,0.0,1.0,1.0,0.0,0.0
pixel-dungeon,com.watabou.pixeldungeon.levels.traps,SummoningTrap,0.0,0.0,1.0,1.0,0.0,0.0
pixel-dungeon,com.watabou.pixeldungeon.levels.traps,ToxicTrap,0.0,0.0,1.0,1.0,0.0,0.0
pixel-dungeon,com.watabou.pixeldungeon.effects,Enchanting,1.0,0.0,1.0,1.0,0.75,0.0
pixel-dungeon,com.watabou.pixeldungeon.effects,Wound,20.0,19.0,6.0,3.0,0.8333333333333334,0.42857142857142855
pixel-dungeon,com.watabou.pixeldungeon.effects,Fireball,23.0,18.0,4.0,4.0,0.9230769230769231,0.5
pixel-dungeon,com.watabou.pixeldungeon.effects,Flame,2.0,1.0,2.0,2.0,0.75,0.6666666666666666
pixel-dungeon,com.watabou.pixeldungeon.effects,Effects,0.0,0.0,1.0,1.0,0.0,0.0
pixel-dungeon,com.watabou.pixeldungeon.effects,IceBlock,3.0,0.0,2.0,2.0,0.5,0.5
pixel-dungeon,com.watabou.pixeldungeon.effects,Pushing,0.0,0.0,1.0,1.0,0.6190476190476191,0.0
pixel-dungeon,com.watabou.pixeldungeon.effects,Effect,0.0,0.0,1.0,1.0,-0.0,0.0
pixel-dungeon,com.watabou.pixeldungeon.effects,TorchHalo,4.0,2.0,2.0,2.0,0.6666666666666666,0.5
pixel-dungeon,com.watabou.pixeldungeon.effects,CellEmitter,3.0,0.0,3.0,3.0,0.0,1.0
pixel-dungeon,com.watabou.pixeldungeon.effects,DeathRay,2.0,1.0,2.0,2.0,0.6666666666666666,0.6666666666666666
pixel-dungeon,com.watabou.pixeldungeon.effects,BannerSprites,0.0,0.0,1.0,1.0,0.0,0.0
pixel-dungeon,com.watabou.pixeldungeon.effects,Lightning,2.0,1.0,2.0,2.0,0.5555555555555556,0.6666666666666666
pixel-dungeon,com.watabou.pixeldungeon.effects,Degradation,36.0,0.0,9.0,9.0,0.9791666666666666,0.8888888888888888
pixel-dungeon,com.watabou.pixeldungeon.effects,Speck,1.0,0.0,2.0,2.0,0.5,0.0
pixel-dungeon,com.watabou.pixeldungeon.effects,Swap,6.0,2.0,2.0,2.0,0.6875,0.4
pixel-dungeon,com.watabou.pixeldungeon.effects,Effect,0.0,0.0,1.0,1.0,-0.0,0.0
pixel-dungeon,com.watabou.pixeldungeon.effects,Splash,0.0,0.0,1.0,1.0,0.3333333333333333,0.0
pixel-dungeon,com.watabou.pixeldungeon.effects,SplashFactory,0.0,0.0,1.0,1.0,0.0,0.0
pixel-dungeon,com.watabou.pixeldungeon.effects,CheckedCell,0.0,0.0,1.0,1.0,-0.0,0.0
pixel-dungeon,com.watabou.pixeldungeon.effects,FloatingText,24.0,20.0,5.0,3.0,0.8571428571428571,0.25
pixel-dungeon,com.watabou.pixeldungeon.effects,EmoIcon,0.0,0.0,1.0,1.0,0.4166666666666667,0.0
pixel-dungeon,com.watabou.pixeldungeon.effects,Sleep,0.0,0.0,1.0,1.0,0.0,0.0
pixel-dungeon,com.watabou.pixeldungeon.effects,Alert,0.0,0.0,1.0,1.0,0.0,0.0
pixel-dungeon,com.watabou.pixeldungeon.effects,Ripple,2.0,1.0,2.0,2.0,0.5,0.6666666666666666
pixel-dungeon,com.watabou.pixeldungeon.effects,Halo,5.0,4.0,3.0,3.0,0.75,0.0
pixel-dungeon,com.watabou.pixeldungeon.effects,SpellSprite,6.0,2.0,2.0,2.0,0.9285714285714286,0.0
pixel-dungeon,com.watabou.pixeldungeon.effects,BadgeBanner,9.0,3.0,3.0,3.0,0.8,0.3333333333333333
pixel-dungeon,com.watabou.pixeldungeon.effects,ShadowBox,3.0,0.0,3.0,2.0,-0.0,0.0
pixel-dungeon,com.watabou.pixeldungeon.effects,Identification,10.0,0.0,5.0,5.0,0.9166666666666667,0.8
pixel-dungeon,com.watabou.pixeldungeon.effects,Speck,1.0,0.0,2.0,2.0,0.5,0.0
pixel-dungeon,com.watabou.pixeldungeon.effects,BlobEmitter,0.0,0.0,1.0,1.0,0.6666666666666667,0.0
pixel-dungeon,com.watabou.pixeldungeon.effects,MagicMissile,728.0,595.0,21.0,17.0,0.9471544715447155,0.40476190476190477
pixel-dungeon,com.watabou.pixeldungeon.effects,MagicParticle,10.0,0.0,5.0,4.0,1.25,0.8
pixel-dungeon,com.watabou.pixeldungeon.effects,EarthParticle,3.0,0.0,3.0,2.0,1.5,0.6666666666666666
pixel-dungeon,com.watabou.pixeldungeon.effects,WhiteParticle,10.0,0.0,5.0,4.0,1.25,0.8
pixel-dungeon,com.watabou.pixeldungeon.effects,SlowParticle,7.0,4.0,3.0,3.0,0.875,0.6
pixel-dungeon,com.watabou.pixeldungeon.effects,ForceParticle,3.0,0.0,3.0,2.0,1.5,0.6666666666666666
pixel-dungeon,com.watabou.pixeldungeon.effects,ColdParticle,10.0,0.0,5.0,4.0,1.25,0.8
pixel-dungeon,com.watabou.pixeldungeon.effects,Speck,11.0,1.0,3.0,3.0,0.828125,0.2857142857142857
pixel-dungeon,com.watabou.pixeldungeon.effects,Flare,16.0,11.0,3.0,2.0,0.7857142857142857,0.2857142857142857
pixel-dungeon,com.watabou.pixeldungeon.effects.particles,BloodParticle,6.0,0.0,4.0,3.0,1.3333333333333333,0.75
pixel-dungeon,com.watabou.pixeldungeon.effects.particles,FlameParticle,10.0,0.0,5.0,4.0,1.25,0.8
pixel-dungeon,com.watabou.pixeldungeon.effects.particles,PurpleParticle,21.0,0.0,7.0,5.0,1.1666666666666667,0.7142857142857143
pixel-dungeon,com.watabou.pixeldungeon.effects.particles,ElmoParticle,10.0,0.0,5.0,4.0,1.25,0.8
pixel-dungeon,com.watabou.pixeldungeon.effects.particles,FlowParticle,9.0,3.0,3.0,3.0,0.7333333333333333,0.5
pixel-dungeon,com.watabou.pixeldungeon.effects.particles,Flow,0.0,0.0,1.0,1.0,-0.0,0.0
pixel-dungeon,com.watabou.pixeldungeon.effects.particles,EnergyParticle,10.0,0.0,5.0,4.0,1.25,0.8
pixel-dungeon,com.watabou.pixeldungeon.effects.particles,WoolParticle,3.0,0.0,3.0,2.0,1.5,0.6666666666666666
pixel-dungeon,com.watabou.pixeldungeon.effects.particles,WebParticle,6.0,0.0,4.0,3.0,1.3333333333333333,0.75
pixel-dungeon,com.watabou.pixeldungeon.effects.particles,SacrificialParticle,10.0,0.0,5.0,4.0,1.25,0.8
pixel-dungeon,com.watabou.pixeldungeon.effects.particles,ShaftParticle,10.0,10.0,5.0,4.0,1.125,0.8
pixel-dungeon,com.watabou.pixeldungeon.effects.particles,LeafParticle,6.0,0.0,4.0,2.0,1.1666666666666667,0.5
pixel-dungeon,com.watabou.pixeldungeon.effects.particles,SmokeParticle,6.0,0.0,4.0,3.0,1.3333333333333333,0.75
pixel-dungeon,com.watabou.pixeldungeon.effects.particles,ShadowParticle,21.0,0.0,7.0,4.0,1.1666666666666667,0.5714285714285714
pixel-dungeon,com.watabou.pixeldungeon.effects.particles,BlastParticle,10.0,0.0,5.0,4.0,1.25,0.8
pixel-dungeon,com.watabou.pixeldungeon.effects.particles,SnowParticle,6.0,0.0,4.0,3.0,1.3333333333333333,0.75
pixel-dungeon,com.watabou.pixeldungeon.effects.particles,PoisonParticle,28.0,0.0,8.0,6.0,1.1428571428571428,0.75
pixel-dungeon,com.watabou.pixeldungeon.effects.particles,WindParticle,6.0,0.0,1.0,1.0,0.775,0.0
pixel-dungeon,com.watabou.pixeldungeon.effects.particles,Wind,0.0,0.0,1.0,1.0,-0.0,0.0
pixel-dungeon,com.watabou.pixeldungeon.effects.particles,SparkParticle,10.0,0.0,5.0,4.0,1.25,0.8
pixel-dungeon,com.watabou.pixeldungeon.effects.particles,EarthParticle,6.0,0.0,4.0,3.0,1.3333333333333333,0.75
pixel-dungeon,com.watabou.pixeldungeon.utils,Utils,3.0,0.0,3.0,3.0,1.0,1.0
pixel-dungeon,com.watabou.pixeldungeon.utils,BArray,21.0,0.0,7.0,7.0,0.0,1.0
pixel-dungeon,com.watabou.pixeldungeon.utils,GLog,10.0,0.0,5.0,5.0,1.0,1.0
pixel-dungeon,com.watabou.pixeldungeon.ui,Toolbar,393.0,351.0,12.0,12.0,0.941923774954628,0.36666666666666664
pixel-dungeon,com.watabou.pixeldungeon.ui,Tool,0.0,0.0,1.0,1.0,0.4,0.0
pixel-dungeon,com.watabou.pixeldungeon.ui,QuickslotTool,0.0,0.0,1.0,1.0,-0.0,0.0
pixel-dungeon,com.watabou.pixeldungeon.ui,PickedUpItem,2.0,1.0,2.0,2.0,0.5,0.6666666666666666
pixel-dungeon,com.watabou.pixeldungeon.ui,GameLog,23.0,18.0,5.0,3.0,0.8367346938775511,0.25
pixel-dungeon,com.watabou.pixeldungeon.ui,Entry,0.0,0.0,1.0,1.0,0.0,0.0
pixel-dungeon,com.watabou.pixeldungeon.ui,DangerIndicator,11.0,7.0,3.0,3.0,0.9199999999999999,0.5
pixel-dungeon,com.watabou.pixeldungeon.ui,ScrollPane,20.0,0.0,6.0,5.0,0.9166666666666666,0.0
pixel-dungeon,com.watabou.pixeldungeon.ui,TouchController,1.0,0.0,1.0,1.0,0.6666666666666666,0.0
pixel-dungeon,com.watabou.pixeldungeon.ui,ExitButton,5.0,0.0,2.0,2.0,0.2,0.3333333333333333
pixel-dungeon,com.watabou.pixeldungeon.ui,Toast,9.0,3.0,3.0,1.0,0.6799999999999999,0.0
pixel-dungeon,com.watabou.pixeldungeon.ui,Archs,0.0,0.0,1.0,1.0,0.5,0.0
pixel-dungeon,com.watabou.pixeldungeon.ui,LootIndicator,7.0,4.0,3.0,3.0,0.8333333333333333,0.6
pixel-dungeon,com.watabou.pixeldungeon.ui,Banner,7.0,4.0,3.0,3.0,0.65,0.6
pixel-dungeon,com.watabou.pixeldungeon.ui,SimpleButton,11.0,1.0,3.0,1.0,0.3333333333333333,0.0
pixel-dungeon,com.watabou.pixeldungeon.ui,CheckBox,7.0,4.0,3.0,3.0,0.5,0.0
pixel-dungeon,com.watabou.pixeldungeon.ui,StatusPane,40.0,25.0,4.0,4.0,0.8666666666666666,0.36363636363636365
pixel-dungeon,com.watabou.pixeldungeon.ui,MenuButton,5.0,0.0,2.0,2.0,0.2,0.3333333333333333
pixel-dungeon,com.watabou.pixeldungeon.ui,Compass,0.0,0.0,1.0,1.0,0.6000000000000001,0.0
pixel-dungeon,com.watabou.pixeldungeon.ui,Window,40.0,35.0,7.0,2.0,0.8888888888888888,0.2
pixel-dungeon,com.watabou.pixeldungeon.ui,BadgesList,12.0,3.0,1.0,1.0,0.7333333333333334,0.0
pixel-dungeon,com.watabou.pixeldungeon.ui,ListItem,2.0,0.0,1.0,1.0,0.6666666666666666,0.0
pixel-dungeon,com.watabou.pixeldungeon.ui,AttackIndicator,48.0,41.0,7.0,2.0,0.8714285714285716,0.18181818181818182
pixel-dungeon,com.watabou.pixeldungeon.ui,GoldIndicator,0.0,0.0,1.0,1.0,0.75,0.0
pixel-dungeon,com.watabou.pixeldungeon.ui,HealthIndicator,6.0,2.0,2.0,2.0,0.75,0.4
pixel-dungeon,com.watabou.pixeldungeon.ui,Tag,5.0,0.0,1.0,1.0,0.7,0.0
pixel-dungeon,com.watabou.pixeldungeon.ui,RedButton,21.0,0.0,1.0,1.0,0.6333333333333333,0.0
pixel-dungeon,com.watabou.pixeldungeon.ui,BusyIndicator,1.0,0.0,2.0,2.0,0.0,1.0
pixel-dungeon,com.watabou.pixeldungeon.ui,HealthBar,1.0,0.0,1.0,1.0,0.6666666666666666,0.0
pixel-dungeon,com.watabou.pixeldungeon.ui,ItemSlot,45.0,35.0,7.0,6.0,0.9235294117647058,0.5454545454545454
pixel-dungeon,com.watabou.pixeldungeon.ui,ResumeButton,9.0,8.0,4.0,4.0,0.75,0.8
pixel-dungeon,com.watabou.pixeldungeon.ui,HighlightedText,0.0,0.0,3.0,3.0,0.6666666666666666,0.0
pixel-dungeon,com.watabou.pixeldungeon.ui,QuickSlot,282.0,264.0,18.0,12.0,0.8589743589743589,0.16
pixel-dungeon,com.watabou.pixeldungeon.ui,BuffIndicator,13.0,11.0,4.0,3.0,1.1333333333333333,0.3333333333333333
pixel-dungeon,com.watabou.pixeldungeon.ui,PrefsButton,5.0,0.0,2.0,2.0,0.2,0.3333333333333333
pixel-dungeon,com.watabou.pixeldungeon.actors,Actor,228.0,180.0,13.0,7.0,0.8434782608695651,0.0
pixel-dungeon,com.watabou.pixeldungeon.actors,Char,507.0,419.0,21.0,9.0,0.9590792838874681,0.17142857142857143
pixel-dungeon,com.watabou.pixeldungeon.actors.mobs,Bat,21.0,0.0,7.0,7.0,1.0,1.0
pixel-dungeon,com.watabou.pixeldungeon.actors.mobs,Warlock,45.0,0.0,10.0,8.0,1.0,0.7
pixel-dungeon,com.watabou.pixeldungeon.actors.mobs,Rat,10.0,0.0,5.0,5.0,0.0,1.0
pixel-dungeon,com.watabou.pixeldungeon.actors.mobs,DM300,45.0,0.0,10.0,10.0,1.0,1.0
pixel-dungeon,com.watabou.pixeldungeon.actors.mobs,Acidic,1.0,0.0,2.0,2.0,0.0,1.0
pixel-dungeon,com.watabou.pixeldungeon.actors.mobs,Thief,51.0,36.0,7.0,7.0,0.8636363636363636,0.4166666666666667
pixel-dungeon,com.watabou.pixeldungeon.actors.mobs,Fleeing,0.0,0.0,1.0,1.0,0.0,0.0
pixel-dungeon,com.watabou.pixeldungeon.actors.mobs,Golem,36.0,0.0,9.0,9.0,1.0,1.0
pixel-dungeon,com.watabou.pixeldungeon.actors.mobs,Goo,90.0,75.0,10.0,8.0,0.8928571428571429,0.4666666666666667
pixel-dungeon,com.watabou.pixeldungeon.actors.mobs,Tengu,54.0,53.0,10.0,9.0,0.9666666666666666,0.6363636363636364
pixel-dungeon,com.watabou.pixeldungeon.actors.mobs,Swarm,30.0,24.0,6.0,5.0,0.8333333333333333,0.5555555555555556
pixel-dungeon,com.watabou.pixeldungeon.actors.mobs,Elemental,21.0,0.0,7.0,7.0,1.0,1.0
pixel-dungeon,com.watabou.pixeldungeon.actors.mobs,Skeleton,28.0,0.0,8.0,7.0,1.0,0.875
pixel-dungeon,com.watabou.pixeldungeon.actors.mobs,Scorpio,36.0,0.0,9.0,9.0,1.0,0.7777777777777778
pixel-dungeon,com.watabou.pixeldungeon.actors.mobs,Senior,3.0,0.0,3.0,3.0,0.0,1.0
pixel-dungeon,com.watabou.pixeldungeon.actors.mobs,Succubus,35.0,34.0,8.0,8.0,0.96875,0.7777777777777778
pixel-dungeon,com.watabou.pixeldungeon.actors.mobs,Spinner,45.0,0.0,10.0,10.0,1.0,0.7
pixel-dungeon,com.watabou.pixeldungeon.actors.mobs,Fleeing,0.0,0.0,1.0,1.0,0.0,0.0
pixel-dungeon,com.watabou.pixeldungeon.actors.mobs,Shielded,3.0,0.0,3.0,3.0,0.0,1.0
pixel-dungeon,com.watabou.pixeldungeon.actors.mobs,Mimic,37.0,19.0,5.0,5.0,0.8,0.36363636363636365
pixel-dungeon,com.watabou.pixeldungeon.actors.mobs,Statue,100.0,64.0,9.0,9.0,0.84375,0.47058823529411764
pixel-dungeon,com.watabou.pixeldungeon.actors.mobs,Wraith,45.0,35.0,7.0,5.0,0.875,0.36363636363636365
pixel-dungeon,com.watabou.pixeldungeon.actors.mobs,Mob,689.0,558.0,20.0,14.0,0.9574999999999999,0.34146341463414637
pixel-dungeon,com.watabou.pixeldungeon.actors.mobs,AiState,1.0,0.0,2.0,2.0,0.0,-1.0
pixel-dungeon,com.watabou.pixeldungeon.actors.mobs,Sleeping,1.0,0.0,2.0,2.0,2.0,1.0
pixel-dungeon,com.watabou.pixeldungeon.actors.mobs,Wandering,1.0,0.0,2.0,2.0,2.0,1.0
pixel-dungeon,com.watabou.pixeldungeon.actors.mobs,Hunting,1.0,0.0,2.0,2.0,2.0,1.0
pixel-dungeon,com.watabou.pixeldungeon.actors.mobs,Fleeing,3.0,0.0,3.0,3.0,1.5,1.0
pixel-dungeon,com.watabou.pixeldungeon.actors.mobs,Passive,1.0,0.0,2.0,2.0,2.0,1.0
pixel-dungeon,com.watabou.pixeldungeon.actors.mobs,Piranha,55.0,0.0,11.0,10.0,1.0,0.7272727272727273
pixel-dungeon,com.watabou.pixeldungeon.actors.mobs,Monk,36.0,0.0,9.0,9.0,1.0,1.0
pixel-dungeon,com.watabou.pixeldungeon.actors.mobs,FetidRat,28.0,0.0,8.0,8.0,1.0,1.0
pixel-dungeon,com.watabou.pixeldungeon.actors.mobs,Shaman,28.0,0.0,8.0,8.0,1.0,0.875
pixel-dungeon,com.watabou.pixeldungeon.actors.mobs,CursePersonification,28.0,0.0,8.0,8.0,1.0,1.0
pixel-dungeon,com.watabou.pixeldungeon.actors.mobs,Eye,35.0,34.0,8.0,6.0,0.96875,0.6666666666666666
pixel-dungeon,com.watabou.pixeldungeon.actors.mobs,King,357.0,336.0,22.0,21.0,0.9417989417989417,0.5357142857142857
pixel-dungeon,com.watabou.pixeldungeon.actors.mobs,Undead,55.0,0.0,11.0,11.0,0.95,0.9090909090909091
pixel-dungeon,com.watabou.pixeldungeon.actors.mobs,Albino,1.0,0.0,2.0,2.0,0.0,1.0
pixel-dungeon,com.watabou.pixeldungeon.actors.mobs,Bandit,1.0,0.0,3.0,3.0,2.0,1.0
pixel-dungeon,com.watabou.pixeldungeon.actors.mobs,Bestiary,6.0,0.0,4.0,2.0,0.0,0.5
pixel-dungeon,com.watabou.pixeldungeon.actors.mobs,Brute,18.0,15.0,5.0,5.0,0.8888888888888888,0.7142857142857143
pixel-dungeon,com.watabou.pixeldungeon.actors.mobs,Yog,561.0,0.0,34.0,34.0,0.9734848484848485,0.5588235294117647
pixel-dungeon,com.watabou.pixeldungeon.actors.mobs,RottingFist,45.0,0.0,10.0,10.0,1.0,1.0
pixel-dungeon,com.watabou.pixeldungeon.actors.mobs,BurningFist,55.0,0.0,11.0,10.0,1.0,0.8181818181818182
pixel-dungeon,com.watabou.pixeldungeon.actors.mobs,Larva,6.0,0.0,4.0,4.0,0.0,1.0
pixel-dungeon,com.watabou.pixeldungeon.actors.mobs,Crab,15.0,0.0,6.0,6.0,0.0,1.0
pixel-dungeon,com.watabou.pixeldungeon.actors.mobs,Gnoll,10.0,0.0,5.0,5.0,0.0,1.0
pixel-dungeon,com.watabou.pixeldungeon.actors.mobs.npcs,Imp,136.0,136.0,17.0,17.0,0.9027777777777778,0.5294117647058824
pixel-dungeon,com.watabou.pixeldungeon.actors.mobs.npcs,Quest,21.0,0.0,7.0,7.0,0.6363636363636364,0.0
pixel-dungeon,com.watabou.pixeldungeon.actors.mobs.npcs,Bee,75.0,72.0,11.0,10.0,0.9166666666666666,0.7692307692307693
pixel-dungeon,com.watabou.pixeldungeon.actors.mobs.npcs,Wandering,1.0,0.0,2.0,2.0,0.0,1.0
pixel-dungeon,com.watabou.pixeldungeon.actors.mobs.npcs,Ghost,324.0,323.0,25.0,23.0,0.9503030303030303,0.5384615384615384
pixel-dungeon,com.watabou.pixeldungeon.actors.mobs.npcs,Quest,21.0,21.0,7.0,7.0,0.6666666666666666,0.2857142857142857
pixel-dungeon,com.watabou.pixeldungeon.actors.mobs.npcs,QuestHandler,1.0,0.0,2.0,2.0,0.0,1.0
pixel-dungeon,com.watabou.pixeldungeon.actors.mobs.npcs,ImpShopkeeper,3.0,3.0,3.0,3.0,1.0,1.0
pixel-dungeon,com.watabou.pixeldungeon.actors.mobs.npcs,Wandmaker,275.0,274.0,23.0,23.0,0.9444444444444444,0.625
pixel-dungeon,com.watabou.pixeldungeon.actors.mobs.npcs,Quest,15.0,15.0,6.0,6.0,0.676923076923077,0.3333333333333333
pixel-dungeon,com.watabou.pixeldungeon.actors.mobs.npcs,QuestHandler,3.0,3.0,3.0,3.0,1.0,1.0
pixel-dungeon,com.watabou.pixeldungeon.actors.mobs.npcs,Blacksmith,105.0,0.0,15.0,14.0,0.9060150375939849,0.5333333333333333
pixel-dungeon,com.watabou.pixeldungeon.actors.mobs.npcs,Quest,6.0,0.0,4.0,4.0,0.4545454545454546,0.0
pixel-dungeon,com.watabou.pixeldungeon.actors.mobs.npcs,Shopkeeper,36.0,0.0,9.0,5.0,1.0,0.5555555555555556
pixel-dungeon,com.watabou.pixeldungeon.actors.mobs.npcs,NPC,3.0,0.0,3.0,3.0,0.0,1.0
pixel-dungeon,com.watabou.pixeldungeon.actors.mobs.npcs,RatKing,28.0,0.0,8.0,8.0,0.0,1.0
pixel-dungeon,com.watabou.pixeldungeon.actors.mobs.npcs,MirrorImage,39.0,23.0,5.0,5.0,0.8142857142857143,0.45454545454545453
pixel-dungeon,com.watabou.pixeldungeon.actors.hero,Hero,1404.0,1038.0,17.0,8.0,0.9532753092075126,0.1
pixel-dungeon,com.watabou.pixeldungeon.actors.hero,Doom,0.0,0.0,1.0,1.0,0.0,-1.0
pixel-dungeon,com.watabou.pixeldungeon.actors.hero,Belongings,95.0,54.0,6.0,6.0,0.8291666666666666,0.35294117647058826
pixel-dungeon,com.watabou.pixeldungeon.actors.hero,ItemIterator,0.0,0.0,1.0,1.0,0.125,0.0
pixel-dungeon,com.watabou.pixeldungeon.actors.hero,HeroAction,17.0,0.0,3.0,3.0,0.7407407407407407,0.3
pixel-dungeon,com.watabou.pixeldungeon.actors.hero,Move,0.0,0.0,1.0,1.0,0.0,0.0
pixel-dungeon,com.watabou.pixeldungeon.actors.hero,PickUp,0.0,0.0,1.0,1.0,0.0,0.0
pixel-dungeon,com.watabou.pixeldungeon.actors.hero,OpenChest,0.0,0.0,1.0,1.0,0.0,0.0
pixel-dungeon,com.watabou.pixeldungeon.actors.hero,Buy,0.0,0.0,1.0,1.0,0.0,0.0
pixel-dungeon,com.watabou.pixeldungeon.actors.hero,Interact,0.0,0.0,1.0,1.0,0.0,0.0
pixel-dungeon,com.watabou.pixeldungeon.actors.hero,Unlock,0.0,0.0,1.0,1.0,0.0,0.0
pixel-dungeon,com.watabou.pixeldungeon.actors.hero,Descend,0.0,0.0,1.0,1.0,0.0,0.0
pixel-dungeon,com.watabou.pixeldungeon.actors.hero,Ascend,0.0,0.0,1.0,1.0,0.0,0.0
pixel-dungeon,com.watabou.pixeldungeon.actors.hero,Cook,0.0,0.0,1.0,1.0,0.0,0.0
pixel-dungeon,com.watabou.pixeldungeon.actors.hero,Attack,0.0,0.0,1.0,1.0,0.0,0.0
pixel-dungeon,com.watabou.pixeldungeon.actors.buffs,Awareness,0.0,0.0,1.0,1.0,0.0,0.0
pixel-dungeon,com.watabou.pixeldungeon.actors.buffs,Frost,10.0,0.0,5.0,5.0,1.0,1.0
pixel-dungeon,com.watabou.pixeldungeon.actors.buffs,Buff,27.0,0.0,4.0,3.0,0.3,0.2727272727272727
pixel-dungeon,com.watabou.pixeldungeon.actors.buffs,Burning,22.0,16.0,5.0,4.0,0.8857142857142858,0.5
pixel-dungeon,com.watabou.pixeldungeon.actors.buffs,Light,6.0,0.0,4.0,4.0,1.1666666666666667,1.0
pixel-dungeon,com.watabou.pixeldungeon.actors.buffs,Paralysis,15.0,0.0,6.0,5.0,1.0,0.8333333333333334
pixel-dungeon,com.watabou.pixeldungeon.actors.buffs,Bleeding,9.0,3.0,3.0,3.0,0.6,0.5
pixel-dungeon,com.watabou.pixeldungeon.actors.buffs,Blindness,3.0,0.0,3.0,3.0,0.0,1.0
pixel-dungeon,com.watabou.pixeldungeon.actors.buffs,FlavourBuff,0.0,0.0,1.0,1.0,0.0,0.0
pixel-dungeon,com.watabou.pixeldungeon.actors.buffs,Regeneration,0.0,0.0,1.0,1.0,0.0,0.0
pixel-dungeon,com.watabou.pixeldungeon.actors.buffs,MindVision,3.0,0.0,4.0,4.0,1.5,1.0
pixel-dungeon,com.watabou.pixeldungeon.actors.buffs,Fury,3.0,0.0,3.0,3.0,1.0,1.0
pixel-dungeon,com.watabou.pixeldungeon.actors.buffs,Charm,9.0,8.0,4.0,4.0,0.75,0.8
pixel-dungeon,com.watabou.pixeldungeon.actors.buffs,Poison,22.0,16.0,5.0,5.0,0.7142857142857143,0.625
pixel-dungeon,com.watabou.pixeldungeon.actors.buffs,Slow,3.0,0.0,3.0,3.0,1.0,1.0
pixel-dungeon,com.watabou.pixeldungeon.actors.buffs,Rage,1.0,0.0,2.0,2.0,0.0,1.0
pixel-dungeon,com.watabou.pixeldungeon.actors.buffs,Invisibility,10.0,0.0,5.0,4.0,1.25,0.8
pixel-dungeon,com.watabou.pixeldungeon.actors.buffs,GasesImmunity,1.0,0.0,2.0,2.0,2.0,1.0
pixel-dungeon,com.watabou.pixeldungeon.actors.buffs,Levitation,6.0,0.0,4.0,4.0,1.3333333333333333,1.0
pixel-dungeon,com.watabou.pixeldungeon.actors.buffs,Terror,9.0,8.0,4.0,4.0,0.8333333333333333,0.8
pixel-dungeon,com.watabou.pixeldungeon.actors.buffs,Combo,6.0,6.0,4.0,4.0,1.0,1.0
pixel-dungeon,com.watabou.pixeldungeon.actors.buffs,Ooze,3.0,3.0,3.0,2.0,1.0,0.6666666666666666
pixel-dungeon,com.watabou.pixeldungeon.actors.buffs,Cripple,1.0,0.0,2.0,2.0,2.0,1.0
pixel-dungeon,com.watabou.pixeldungeon.actors.buffs,Shadows,22.0,16.0,5.0,4.0,0.7142857142857143,0.5
pixel-dungeon,com.watabou.pixeldungeon.actors.buffs,Roots,6.0,0.0,4.0,4.0,0.0,1.0
pixel-dungeon,com.watabou.pixeldungeon.actors.buffs,Amok,1.0,0.0,2.0,2.0,0.0,1.0
pixel-dungeon,com.watabou.pixeldungeon.actors.buffs,Vertigo,3.0,0.0,3.0,3.0,1.0,1.0
pixel-dungeon,com.watabou.pixeldungeon.actors.buffs,Sleep,0.0,0.0,0.0,0.0,0.0,-1.0
pixel-dungeon,com.watabou.pixeldungeon.actors.buffs,Barkskin,7.0,4.0,3.0,3.0,0.5,0.6
pixel-dungeon,com.watabou.pixeldungeon.actors.buffs,Speed,0.0,0.0,0.0,0.0,0.0,-1.0
pixel-dungeon,com.watabou.pixeldungeon.actors.buffs,SnipersMark,5.0,4.0,3.0,3.0,0.6666666666666666,0.75
pixel-dungeon,com.watabou.pixeldungeon.actors.buffs,Hunger,7.0,0.0,2.0,2.0,0.7857142857142857,0.25
pixel-dungeon,com.watabou.pixeldungeon.actors.buffs,Weakness,10.0,0.0,5.0,5.0,1.0,1.0
pixel-dungeon,com.watabou.pixeldungeon.actors.blobs,ParalyticGas,3.0,0.0,3.0,3.0,0.0,1.0
pixel-dungeon,com.watabou.pixeldungeon.actors.blobs,WaterOfTransmutation,36.0,0.0,9.0,4.0,0.0,0.4444444444444444
pixel-dungeon,com.watabou.pixeldungeon.actors.blobs,WaterOfAwareness,6.0,0.0,4.0,4.0,1.0,0.75
pixel-dungeon,com.watabou.pixeldungeon.actors.blobs,Alchemy,7.0,4.0,3.0,3.0,0.5,0.6
pixel-dungeon,com.watabou.pixeldungeon.actors.blobs,Foliage,3.0,0.0,3.0,3.0,0.0,1.0
pixel-dungeon,com.watabou.pixeldungeon.actors.blobs,Fire,10.0,0.0,5.0,4.0,0.0,0.6
pixel-dungeon,com.watabou.pixeldungeon.actors.blobs,Blob,27.0,0.0,4.0,3.0,0.7777777777777778,0.2727272727272727
pixel-dungeon,com.watabou.pixeldungeon.actors.blobs,SacrificialFire,30.0,24.0,6.0,5.0,0.925,0.4444444444444444
pixel-dungeon,com.watabou.pixeldungeon.actors.blobs,Marked,3.0,0.0,3.0,3.0,1.5,1.0
pixel-dungeon,com.watabou.pixeldungeon.actors.blobs,WellWater,11.0,1.0,3.0,1.0,0.3333333333333333,0.0
pixel-dungeon,com.watabou.pixeldungeon.actors.blobs,Regrowth,1.0,0.0,2.0,2.0,0.0,1.0
pixel-dungeon,com.watabou.pixeldungeon.actors.blobs,Freezing,0.0,0.0,1.0,1.0,0.0,0.0
pixel-dungeon,com.watabou.pixeldungeon.actors.blobs,WaterOfHealth,6.0,0.0,4.0,4.0,1.0,1.0
pixel-dungeon,com.watabou.pixeldungeon.actors.blobs,Web,6.0,0.0,4.0,4.0,0.0,0.75
pixel-dungeon,com.watabou.pixeldungeon.actors.blobs,ConfusionGas,3.0,0.0,3.0,3.0,0.0,1.0
pixel-dungeon,com.watabou.pixeldungeon.actors.blobs,ToxicGas,6.0,0.0,4.0,4.0,0.0,1.0
pixel-dungeon,com.watabou.pixeldungeon.plants,Plant,68.0,58.0,12.0,10.0,0.9696969696969697,0.46153846153846156
pixel-dungeon,com.watabou.pixeldungeon.plants,Seed,28.0,28.0,9.0,8.0,1.0,0.75
pixel-dungeon,com.watabou.pixeldungeon.plants,Earthroot,38.0,21.0,5.0,5.0,0.8166666666666667,0.36363636363636365
pixel-dungeon,com.watabou.pixeldungeon.plants,Seed,0.0,0.0,1.0,1.0,0.0,0.0
pixel-dungeon,com.watabou.pixeldungeon.plants,Armor,17.0,6.0,3.0,3.0,0.7714285714285715,0.375
pixel-dungeon,com.watabou.pixeldungeon.plants,Sungrass,26.0,16.0,5.0,5.0,0.8125,0.4444444444444444
pixel-dungeon,com.watabou.pixeldungeon.plants,Seed,0.0,0.0,1.0,1.0,0.0,0.0
pixel-dungeon,com.watabou.pixeldungeon.plants,Health,9.0,3.0,3.0,3.0,0.7333333333333333,0.5
pixel-dungeon,com.watabou.pixeldungeon.plants,Fadeleaf,3.0,0.0,3.0,3.0,0.5,0.6666666666666666
pixel-dungeon,com.watabou.pixeldungeon.plants,Seed,0.0,0.0,1.0,1.0,0.0,0.0
pixel-dungeon,com.watabou.pixeldungeon.plants,Dreamweed,3.0,0.0,3.0,3.0,0.5,0.6666666666666666
pixel-dungeon,com.watabou.pixeldungeon.plants,Seed,0.0,0.0,1.0,1.0,0.0,0.0
pixel-dungeon,com.watabou.pixeldungeon.plants,Sorrowmoss,3.0,0.0,3.0,3.0,0.5,0.6666666666666666
pixel-dungeon,com.watabou.pixeldungeon.plants,Seed,0.0,0.0,1.0,1.0,0.0,0.0
pixel-dungeon,com.watabou.pixeldungeon.plants,Icecap,3.0,0.0,3.0,3.0,0.5,0.6666666666666666
pixel-dungeon,com.watabou.pixeldungeon.plants,Seed,0.0,0.0,1.0,1.0,0.0,0.0
pixel-dungeon,com.watabou.pixeldungeon.plants,Rotberry,6.0,0.0,4.0,4.0,0.6666666666666666,0.5
pixel-dungeon,com.watabou.pixeldungeon.plants,Seed,1.0,0.0,2.0,2.0,0.0,1.0
pixel-dungeon,com.watabou.pixeldungeon.plants,Firebloom,3.0,0.0,3.0,3.0,0.5,0.6666666666666666
pixel-dungeon,com.watabou.pixeldungeon.plants,Seed,0.0,0.0,1.0,1.0,0.0,0.0
pixel-dungeon,com.watabou.pixeldungeon.mechanics,ShadowCaster,9.0,3.0,3.0,2.0,0.8571428571428571,0.3333333333333333
pixel-dungeon,com.watabou.pixeldungeon.mechanics,Obstacles,0.0,0.0,1.0,1.0,0.6,0.0
pixel-dungeon,com.watabou.pixeldungeon.mechanics,Ballistica,0.0,0.0,1.0,1.0,0.0,0.0
pixel-dungeon,com.watabou.pixeldungeon.scenes,IntroScene,1.0,0.0,2.0,2.0,1.0,1.0
pixel-dungeon,com.watabou.pixeldungeon.scenes,BadgesScene,23.0,18.0,5.0,5.0,0.8095238095238094,0.625
pixel-dungeon,com.watabou.pixeldungeon.scenes,BadgeButton,1.0,0.0,1.0,1.0,0.3333333333333333,0.0
pixel-dungeon,com.watabou.pixeldungeon.scenes,StartScene,283.0,241.0,10.0,7.0,0.9627906976744185,0.2692307692307692
pixel-dungeon,com.watabou.pixeldungeon.scenes,GameButton,0.0,0.0,1.0,1.0,0.6666666666666666,0.0
pixel-dungeon,com.watabou.pixeldungeon.scenes,ClassShield,6.0,0.0,1.0,1.0,0.8333333333333334,0.0
pixel-dungeon,com.watabou.pixeldungeon.scenes,ChallengeButton,5.0,0.0,2.0,2.0,0.2,0.3333333333333333
pixel-dungeon,com.watabou.pixeldungeon.scenes,AboutScene,3.0,0.0,3.0,3.0,0.75,0.6666666666666666
pixel-dungeon,com.watabou.pixeldungeon.scenes,GameScene,894.0,842.0,18.0,6.0,0.9518845228548516,0.045454545454545456
pixel-dungeon,com.watabou.pixeldungeon.scenes,RankingsScene,9.0,3.0,2.0,2.0,0.8952380952380953,0.3333333333333333
pixel-dungeon,com.watabou.pixeldungeon.scenes,Record,2.0,0.0,1.0,1.0,0.6969696969696969,0.0
pixel-dungeon,com.watabou.pixeldungeon.scenes,AmuletScene,9.0,8.0,4.0,2.0,0.95,0.0
pixel-dungeon,com.watabou.pixeldungeon.scenes,PixelScene,167.0,163.0,16.0,7.0,0.9502923976608186,0.15789473684210525
pixel-dungeon,com.watabou.pixeldungeon.scenes,Fader,1.0,0.0,1.0,1.0,0.5,0.0
pixel-dungeon,com.watabou.pixeldungeon.scenes,PixelCamera,1.0,0.0,2.0,2.0,0.0,1.0
pixel-dungeon,com.watabou.pixeldungeon.scenes,CellSelector,28.0,20.0,4.0,3.0,0.8333333333333333,0.3333333333333333
pixel-dungeon,com.watabou.pixeldungeon.scenes,Listener,1.0,0.0,2.0,2.0,0.0,-1.0
pixel-dungeon,com.watabou.pixeldungeon.scenes,SurfaceScene,101.0,82.0,6.0,6.0,0.9538461538461539,0.1875
pixel-dungeon,com.watabou.pixeldungeon.scenes,Sky,0.0,0.0,1.0,1.0,0.5,0.0
pixel-dungeon,com.watabou.pixeldungeon.scenes,Cloud,1.0,0.0,2.0,2.0,1.0,1.0
pixel-dungeon,com.watabou.pixeldungeon.scenes,Avatar,0.0,0.0,1.0,1.0,0.0,0.0
pixel-dungeon,com.watabou.pixeldungeon.scenes,Pet,0.0,0.0,1.0,1.0,0.25,0.0
pixel-dungeon,com.watabou.pixeldungeon.scenes,GrassPatch,1.0,0.0,1.0,1.0,0.7142857142857143,0.0
pixel-dungeon,com.watabou.pixeldungeon.scenes,TitleScene,67.0,56.0,8.0,7.0,0.9259259259259259,0.46153846153846156
pixel-dungeon,com.watabou.pixeldungeon.scenes,DashboardItem,0.0,0.0,1.0,1.0,0.625,0.0
pixel-dungeon,com.watabou.pixeldungeon.scenes,InterlevelScene,52.0,49.0,9.0,3.0,0.9263157894736842,0.2727272727272727
